{"model": "vjepa2-vitl-fpc64-256", "weights_hash": "4c279bf0a64e7197", "fps": 2.0, "window": 8, "crop": 256, "segments": 62, "elapsed_s": 15.431846141815186, "sec_per_min": 3.7036430740356443, "peak_rss_gb": 1.0310211181640625, "device": "mps", "timestamp": 1755711747.8249652}