{
  "top3": {
    "vjepa": 0.41818181818181815,
    "clip": 0.05454545454545454,
    "vjepa_ci": [
      0.290909081697464,
      0.4218909442424774,
      0.5636363625526428
    ],
    "clip_ci": [
      0.0,
      0.05501818284392357,
      0.12727272510528564
    ]
  },
  "mrr": {
    "vjepa": 0.2606060606060606,
    "clip": 0.02121212121212121,
    "vjepa_ci": [
      0.16969698667526245,
      0.2629515528678894,
      0.36363640427589417
    ],
    "clip_ci": [
      0.0,
      0.02139091119170189,
      0.04848485440015793
    ]
  },
  "perf": {
    "vjepa_sec_per_min": 2.007782300313314,
    "vjepa_peak_rss_gb": 0.6443328857421875
  }
}