{
  "narrative": {
    "setup": [
      [
        0.0,
        3.5
      ],
      [
        4.0,
        7.5
      ]
    ],
    "incidents": [],
    "rising": [],
    "climax": [
      [
        4.0,
        7.5
      ]
    ],
    "resolution": [],
    "energy_curve": [
      [
        1.75,
        0.151946023106575
      ],
      [
        5.75,
        0.15286508202552795
      ]
    ],
    "novelty_curve": [
      [
        1.75,
        -5.960464477539063e-08
      ],
      [
        5.75,
        0.02363327145576477
      ]
    ]
  },
  "emotion": {
    "tension_peaks": [],
    "release_moments": [],
    "sustained_tension": [],
    "curve": [
      [
        1.75,
        0.5078008770942688
      ],
      [
        5.75,
        0.5069841742515564
      ]
    ]
  },
  "rhythm": {
    "fast_pace": [
      [
        0.0,
        3.5
      ]
    ],
    "medium_pace": [],
    "slow_pace": [
      [
        4.0,
        7.5
      ]
    ],
    "velocity_curve": [
      [
        1.75,
        1.0
      ],
      [
        5.75,
        0.9956737756729126
      ]
    ]
  },
  "continuity": {
    "cuts": [],
    "boundaries": [],
    "similarity_curve": [
      [
        0.0,
        1.0
      ],
      [
        3.75,
        0.9527335166931152
      ],
      [
        7.5,
        0.9527335166931152
      ]
    ]
  },
  "emphasis": {
    "saliency_peaks": [],
    "attention_regions": [
      [
        0.0,
        3.5
      ]
    ],
    "focus_curve": [
      [
        1.75,
        0.02364385686814785
      ],
      [
        5.75,
        0.0236403476446867
      ]
    ]
  },
  "_metadata": {
    "video_path": "/tmp/test_video.mp4",
    "modules_run": [
      "narrative",
      "emotion",
      "rhythm",
      "continuity",
      "emphasis"
    ],
    "timings": {
      "narrative": {
        "elapsed_s": 1.4779980182647705,
        "sec_per_min": 8.867988109588623
      },
      "emotion": {
        "elapsed_s": 0.6164050102233887,
        "sec_per_min": 3.698430061340332
      },
      "rhythm": {
        "elapsed_s": 0.6629998683929443,
        "sec_per_min": 3.977999210357666
      },
      "continuity": {
        "elapsed_s": 0.6034810543060303,
        "sec_per_min": 3.6208863258361816
      },
      "emphasis": {
        "elapsed_s": 0.5937018394470215,
        "sec_per_min": 3.562211036682129
      }
    },
    "total_elapsed_s": 3.9545857906341553,
    "total_sec_per_min": 23.72751474380493,
    "peak_rss_gb": 0.977386474609375,
    "fps": null,
    "window": null
  }
}