{
  "narrative": {
    "setup": [
      [
        0.0,
        3.5
      ],
      [
        4.0,
        7.5
      ]
    ],
    "incidents": [],
    "rising": [],
    "climax": [
      [
        0.0,
        3.5
      ]
    ],
    "resolution": [
      [
        4.0,
        7.5
      ]
    ],
    "energy_curve": [
      [
        1.75,
        0.14747478067874908
      ],
      [
        5.75,
        0.13085775077342987
      ]
    ],
    "novelty_curve": [
      [
        1.75,
        0.0
      ],
      [
        5.75,
        0.01980939507484436
      ]
    ]
  },
  "emotion": {
    "tension_peaks": [],
    "release_moments": [],
    "sustained_tension": [],
    "curve": [
      [
        1.75,
        0.4940941631793976
      ],
      [
        5.75,
        0.48739174008369446
      ]
    ]
  },
  "rhythm": {
    "fast_pace": [
      [
        0.0,
        3.5
      ]
    ],
    "medium_pace": [],
    "slow_pace": [
      [
        4.0,
        7.5
      ]
    ],
    "velocity_curve": [
      [
        1.75,
        1.0
      ],
      [
        5.75,
        0.9721950888633728
      ]
    ]
  },
  "continuity": {
    "cuts": [],
    "boundaries": [],
    "similarity_curve": [
      [
        0.0,
        1.0
      ],
      [
        3.75,
        0.9603812098503113
      ],
      [
        7.5,
        0.9603812098503113
      ]
    ]
  },
  "emphasis": {
    "saliency_peaks": [],
    "attention_regions": [
      [
        4.0,
        7.5
      ]
    ],
    "focus_curve": [
      [
        1.75,
        0.01982985995709896
      ],
      [
        5.75,
        0.01984681747853756
      ]
    ]
  },
  "_metadata": {
    "video_path": "/Users/hawzhin/Videos/test_video.mp4",
    "modules_run": [
      "narrative",
      "emotion",
      "rhythm",
      "continuity",
      "emphasis"
    ],
    "timings": {
      "narrative": {
        "elapsed_s": 1.1716370582580566,
        "sec_per_min": 0.23429487043705632
      },
      "emotion": {
        "elapsed_s": 0.6054139137268066,
        "sec_per_min": 0.12106596789308066
      },
      "rhythm": {
        "elapsed_s": 0.5945858955383301,
        "sec_per_min": 0.11890066499430495
      },
      "continuity": {
        "elapsed_s": 0.6129097938537598,
        "sec_per_min": 0.12256493572682885
      },
      "emphasis": {
        "elapsed_s": 0.6216702461242676,
        "sec_per_min": 0.12431678286688114
      }
    },
    "total_elapsed_s": 3.6062169075012207,
    "total_sec_per_min": 0.7211432219181519,
    "peak_rss_gb": 0.7743988037109375,
    "fps": null,
    "window": null
  }
}