{
  "quality_scoring": {
    "segments_processed": 60,
    "memory": {
      "initial_gb": 0.03515625,
      "current_gb": 0.4541168212890625,
      "peak_gb": 0.4541015625,
      "degradation": false
    }
  },
  "batch_ops": {
    "frames_loaded": 100,
    "frame_memory_gb": 0.4588165283203125,
    "embeddings_created": 60,
    "embedding_dim": 768,
    "memory": {
      "initial_gb": 0.03515625,
      "current_gb": 0.458892822265625,
      "peak_gb": 0.4592437744140625,
      "degradation": false
    }
  },
  "pipeline": {
    "stages": [
      [
        "transcription",
        0.458892822265625
      ],
      [
        "silence",
        0.458892822265625
      ],
      [
        "broll",
        0.45892333984375
      ],
      [
        "director",
        0.45892333984375
      ]
    ],
    "memory": {
      "initial_gb": 0.03515625,
      "current_gb": 0.45892333984375,
      "peak_gb": 0.4592437744140625,
      "degradation": false
    }
  },
  "passed": true,
  "final_memory": {
    "initial_gb": 0.03515625,
    "current_gb": 0.45892333984375,
    "peak_gb": 0.4592437744140625,
    "degradation": false
  }
}