{
  "source_duration_min": 30.0,
  "processing_time_s": 0.00015091896057128906,
  "shorts_sec_30min": 0.00015091896057128906,
  "shorts_generated": 31,
  "total_shorts_duration_s": 1778.4042129994873,
  "avg_short_duration_s": 57.36787783869314,
  "passes_gate": true,
  "breakdown": {
    "create_time_s": 2.8848648071289062e-05,
    "optimize_time_s": 0.0001220703125
  }
}