{"model": "timesformer-base", "weights_hash": "53f8fb27e4a600fd", "fps": 2.0, "window": 8, "crop": 224, "segments": 2, "elapsed_s": 0.40632104873657227, "sec_per_min": 2.4379262924194336, "peak_rss_gb": 1.0002593994140625, "device": "mps", "timestamp": 1756748669.75473}