{"model": "timesformer-base", "weights_hash": "8fbbc9d4c78ffb67", "fps": 1.0, "window": 16, "crop": 224, "segments": 11, "elapsed_s": 0.6996462345123291, "sec_per_min": 0.2332154115041097, "peak_rss_gb": 0.5170440673828125, "device": "mps", "timestamp": 1755538591.705822}