{"model": "timesformer-base", "weights_hash": "8fbbc9d4c78ffb67", "fps": 1.0, "window": 16, "crop": 224, "segments": 11, "elapsed_s": 1.9966762065887451, "sec_per_min": 0.6655587355295817, "peak_rss_gb": 0.478118896484375, "device": "mps", "timestamp": 1755538286.6556559}