{"model": "timesformer-base", "weights_hash": "53f8fb27e4a600fd", "fps": 1.0, "window": 8, "crop": 224, "segments": 22, "elapsed_s": 2.665400743484497, "sec_per_min": 0.8884669144948324, "peak_rss_gb": 0.70196533203125, "device": "mps", "timestamp": 1755605028.500422}