{"model": "timesformer-base", "weights_hash": "53f8fb27e4a600fd", "fps": 1.0, "window": 8, "crop": 224, "segments": 22, "elapsed_s": 2.75862717628479, "sec_per_min": 0.91954239209493, "peak_rss_gb": 0.593048095703125, "device": "mps", "timestamp": 1755605016.909821}