{"model": "timesformer-base", "weights_hash": "53f8fb27e4a600fd", "fps": 1.0, "window": 8, "crop": 224, "segments": 22, "elapsed_s": 2.6090140342712402, "sec_per_min": 0.8696713447570801, "peak_rss_gb": 0.649993896484375, "device": "mps", "timestamp": 1755605022.682521}