{"model": "vjepa2-vitl-fpc64-256", "weights_hash": "4c279bf0a64e7197", "fps": 1.0, "window": 8, "crop": 256, "segments": 22, "elapsed_s": 6.105330944061279, "sec_per_min": 2.0351103146870932, "peak_rss_gb": 0.5679168701171875, "device": "mps", "timestamp": 1755711293.465947}