{"model": "timesformer-base", "weights_hash": "53f8fb27e4a600fd", "fps": 2.0, "window": 8, "crop": 224, "segments": 62, "elapsed_s": 3.9166228771209717, "sec_per_min": 0.9399894905090331, "peak_rss_gb": 1.0164642333984375, "device": "mps", "timestamp": 1755637863.87601}