{"model": "timesformer-base", "weights_hash": "53f8fb27e4a600fd", "fps": 2.0, "window": 8, "crop": 224, "segments": 7, "elapsed_s": 1.2054088115692139, "sec_per_min": 2.4108176231384277, "peak_rss_gb": 0.9821929931640625, "device": "mps", "timestamp": 1756421276.311049}