{"model": "timesformer-base", "weights_hash": "8fbbc9d4c78ffb67", "fps": 1.0, "window": 16, "crop": 224, "segments": 11, "elapsed_s": 0.7515320777893066, "sec_per_min": 0.25051069259643555, "peak_rss_gb": 0.4473876953125, "device": "mps", "timestamp": 1755538569.652292}