{"model": "timesformer-base", "weights_hash": "53f8fb27e4a600fd", "fps": 1.0, "window": 8, "crop": 224, "segments": 22, "elapsed_s": 2.653031826019287, "sec_per_min": 0.8843439420064291, "peak_rss_gb": 0.692596435546875, "device": "mps", "timestamp": 1755605025.58488}